{
  "saved_at": "2026-04-22T22:52:57",
  "script_name": "Uploaded_Strategy",
  "optimization_mode": "智慧搜尋",
  "research_profile_tag": "01-01_dev_years_validation_v3_dev3y",
  "cpu_limit_pct": 50,
  "memory_limit_pct": 50,
  "requested_workers": 8,
  "effective_workers": 8,
  "tested_count": 5604,
  "total_count": 5604,
  "elapsed_seconds": 194.38204908370972,
  "compute_elapsed_seconds": 192.1726779937744,
  "transition_elapsed_seconds": 1.649256706237793,
  "capital": 1000000,
  "slip_per_side": 2.0,
  "hard_filters": {
    "min_trades": 0,
    "min_total_return": 0.0,
    "max_mdd_pct": 5.0
  },
  "development_years": 3,
  "development_start_date": 20200102,
  "development_end_date": 20221231,
  "holdout_start_date": 20230101,
  "holdout_end_date": 20260416,
  "best_result": {
    "SysHistDBars": 600.0,
    "SysHistMBars": 20000.0,
    "DonLen": 274.0,
    "ATRLen": 8.0,
    "EMAWarmBars": 2.0,
    "EntryBufferPts": 111.0,
    "DonBufferPts": 74.0,
    "MinATRD": 188.0,
    "ATRStopK": 0.51,
    "ATRTakeProfitK": 1.16,
    "MaxEntriesPerDay": 2.0,
    "TimeStopBars": 73.0,
    "MinRunPctAnchor": 0.74,
    "TrailStartPctAnchor": 0.39,
    "TrailGivePctAnchor": 0.79,
    "UseAnchorExit": 0.0,
    "AnchorBackPct": 0.01,
    "n_trades": 84.0,
    "total_return": 62.02479999999999,
    "mdd_amount": 38011.0,
    "mdd_pct": 3.8011000000000004,
    "year_return_2020": 0.0,
    "year_return_2021": 37.948100000000004,
    "year_return_2022": 24.076700000000002,
    "year_avg_return": 20.674933333333335,
    "year_return_std": 15.677873702415418,
    "loss_years": 0.0,
    "composite_score": 11.847807629758458,
    "window_count": 3.0,
    "window_avg_return": 20.674933333333335,
    "window_median_return": 24.076700000000002,
    "window_return_std": 15.677873702415418,
    "window_loss_count": 0.0,
    "worst_window_return": 0.0,
    "worst_window_mdd_pct": 3.8011000000000004,
    "window_consistency_score": 11.897533944637688,
    "slip_return_avg": 58.66479999999999,
    "slip_return_min": 55.3048,
    "slip_decay_2_to_4": 6.719999999999999,
    "slip_stress_score": 56.5144,
    "robust_score_pre_plateau": 18.56271437975846,
    "plateau_score": 2.25,
    "robust_score": 20.812714,
    "slip2_total_return": 62.0248,
    "slip3_total_return": 58.66479999999999,
    "slip4_total_return": 55.3048
  },
  "best_params": {
    "DonLen": 274,
    "ATRLen": 8,
    "EMAWarmBars": 2,
    "EntryBufferPts": 111,
    "DonBufferPts": 74,
    "MinATRD": 188,
    "ATRStopK": 0.51,
    "ATRTakeProfitK": 1.16,
    "MaxEntriesPerDay": 2,
    "TimeStopBars": 73,
    "MinRunPctAnchor": 0.74,
    "TrailStartPctAnchor": 0.39,
    "TrailGivePctAnchor": 0.79,
    "UseAnchorExit": 0,
    "AnchorBackPct": 0.01,
    "SysHistDBars": 600,
    "SysHistMBars": 20000
  },
  "best_xs_path": "C:\\Users\\User\\Documents\\mqquant\\01-01\\bundle\\run_history\\mq01_exports\\20260422_225257_Uploaded_Strategy_454cca59\\best_indicator.xs",
  "best_indicator_xs_path": "C:\\Users\\User\\Documents\\mqquant\\01-01\\bundle\\run_history\\mq01_exports\\20260422_225257_Uploaded_Strategy_454cca59\\best_indicator.xs",
  "best_trade_xs_path": "C:\\Users\\User\\Documents\\mqquant\\01-01\\bundle\\run_history\\mq01_exports\\20260422_225257_Uploaded_Strategy_454cca59\\best_trade.xs",
  "best_txt_path": "C:\\Users\\User\\Documents\\mqquant\\01-01\\bundle\\run_history\\mq01_exports\\20260422_225257_Uploaded_Strategy_454cca59\\best_strategy.txt",
  "best_strategy_xs_path": "C:\\Users\\User\\Documents\\mqquant\\01-01\\bundle\\strategy\\1150422225262.xs",
  "best_param_preset_path": "C:\\Users\\User\\Documents\\mqquant\\01-01\\bundle\\param_presets\\1150422225262.txt",
  "trade_line_count": 590,
  "artifact_error": null,
  "summary_digest": {
    "development_period": "20200102 ~ 20221231",
    "holdout_period": "20230101 ~ 20260416",
    "tested_count": 5604,
    "total_count": 5604,
    "best_score": 11.847807629758458,
    "best_return": 62.02479999999999,
    "best_mdd": 3.8011000000000004,
    "best_trades": 84.0,
    "best_params_preview": "DonLen=274 / ATRLen=8 / EMAWarmBars=2 / EntryBufferPts=111 / DonBufferPts=74 / MinATRD=188"
  }
}