{
  "saved_at": "2026-04-22T20:40:26",
  "script_name": "Uploaded_Strategy",
  "optimization_mode": "智慧搜尋",
  "research_profile_tag": "01-01_dev_until_last1y_holdout_v2",
  "cpu_limit_pct": 50,
  "memory_limit_pct": 50,
  "requested_workers": 8,
  "effective_workers": 8,
  "tested_count": 14010,
  "total_count": 14010,
  "elapsed_seconds": 1072.9632692337036,
  "compute_elapsed_seconds": 1055.8152542114258,
  "transition_elapsed_seconds": 15.626381397247314,
  "capital": 1000000,
  "slip_per_side": 2.0,
  "hard_filters": {
    "min_trades": 0,
    "min_total_return": 0.0,
    "max_mdd_pct": 10.0
  },
  "development_start_date": 20200102,
  "development_end_date": 20250416,
  "holdout_start_date": 20250417,
  "holdout_end_date": 20260416,
  "best_result": {
    "SysHistDBars": 600.0,
    "SysHistMBars": 20000.0,
    "DonLen": 298.0,
    "ATRLen": 8.0,
    "EMAWarmBars": 9.0,
    "EntryBufferPts": 84.0,
    "DonBufferPts": 111.0,
    "MinATRD": 188.0,
    "ATRStopK": 0.51,
    "ATRTakeProfitK": 0.59,
    "MaxEntriesPerDay": 1.0,
    "TimeStopBars": 57.0,
    "MinRunPctAnchor": 0.27,
    "TrailStartPctAnchor": 0.47,
    "TrailGivePctAnchor": 0.8,
    "UseAnchorExit": 0.0,
    "AnchorBackPct": 0.01,
    "n_trades": 90.0,
    "total_return": 89.2411,
    "mdd_amount": 32458.0,
    "mdd_pct": 3.2458,
    "year_return_2020": 0.0,
    "year_return_2021": 14.3907,
    "year_return_2022": 14.9265,
    "year_return_2023": 3.5441000000000003,
    "year_return_2024": 45.326499999999996,
    "year_return_2025": 11.0533,
    "year_avg_return": 14.873516666666667,
    "year_return_std": 14.673055512789041,
    "loss_years": 0.0,
    "composite_score": 16.826751948721096,
    "window_count": 6.0,
    "window_avg_return": 14.873516666666667,
    "window_median_return": 9.620750000000001,
    "window_return_std": 17.777721272181903,
    "window_loss_count": 0.0,
    "worst_window_return": 0.0,
    "worst_window_mdd_pct": 3.2458,
    "window_consistency_score": 4.838079309172715,
    "slip_return_avg": 85.6411,
    "slip_return_min": 82.0411,
    "slip_decay_2_to_4": 7.199999999999989,
    "slip_stress_score": 83.33709999999999,
    "robust_score_pre_plateau": 23.206702364548416,
    "plateau_score": 2.25,
    "robust_score": 25.456702,
    "slip2_total_return": 89.24109999999999,
    "slip3_total_return": 85.64110000000001,
    "slip4_total_return": 82.0411
  },
  "best_params": {
    "DonLen": 298,
    "ATRLen": 8,
    "EMAWarmBars": 9,
    "EntryBufferPts": 84,
    "DonBufferPts": 111,
    "MinATRD": 188,
    "ATRStopK": 0.51,
    "ATRTakeProfitK": 0.59,
    "MaxEntriesPerDay": 1,
    "TimeStopBars": 57,
    "MinRunPctAnchor": 0.27,
    "TrailStartPctAnchor": 0.47,
    "TrailGivePctAnchor": 0.8,
    "UseAnchorExit": 0,
    "AnchorBackPct": 0.01,
    "SysHistDBars": 600,
    "SysHistMBars": 20000
  },
  "best_xs_path": "C:\\Users\\User\\Documents\\mqquant\\01-01\\bundle\\run_history\\mq01_exports\\20260422_204026_Uploaded_Strategy_8219b9ab\\best_indicator.xs",
  "best_indicator_xs_path": "C:\\Users\\User\\Documents\\mqquant\\01-01\\bundle\\run_history\\mq01_exports\\20260422_204026_Uploaded_Strategy_8219b9ab\\best_indicator.xs",
  "best_trade_xs_path": "C:\\Users\\User\\Documents\\mqquant\\01-01\\bundle\\run_history\\mq01_exports\\20260422_204026_Uploaded_Strategy_8219b9ab\\best_trade.xs",
  "best_txt_path": "C:\\Users\\User\\Documents\\mqquant\\01-01\\bundle\\run_history\\mq01_exports\\20260422_204026_Uploaded_Strategy_8219b9ab\\best_strategy.txt",
  "best_strategy_xs_path": "C:\\Users\\User\\Documents\\mqquant\\01-01\\bundle\\strategy\\1150422204089.xs",
  "best_param_preset_path": "C:\\Users\\User\\Documents\\mqquant\\01-01\\bundle\\param_presets\\1150422204089.txt",
  "trade_line_count": 280,
  "artifact_error": null,
  "summary_digest": {
    "development_period": "20200102 ~ 20250416",
    "holdout_period": "20250417 ~ 20260416",
    "tested_count": 14010,
    "total_count": 14010,
    "best_score": 16.826751948721096,
    "best_return": 89.2411,
    "best_mdd": 3.2458,
    "best_trades": 90.0,
    "best_params_preview": "DonLen=298 / ATRLen=8 / EMAWarmBars=9 / EntryBufferPts=84 / DonBufferPts=111 / MinATRD=188"
  }
}