{
  "saved_at": "2026-04-22T23:26:01",
  "script_name": "Uploaded_Strategy",
  "optimization_mode": "智慧搜尋",
  "research_profile_tag": "01-01_dev_years_validation_v3_dev4y",
  "cpu_limit_pct": 50,
  "memory_limit_pct": 50,
  "requested_workers": 8,
  "effective_workers": 8,
  "tested_count": 11208,
  "total_count": 11208,
  "elapsed_seconds": 654.0040771961212,
  "compute_elapsed_seconds": 638.7532334327698,
  "transition_elapsed_seconds": 13.814471960067749,
  "capital": 1000000,
  "slip_per_side": 2.0,
  "hard_filters": {
    "min_trades": 0,
    "min_total_return": 0.0,
    "max_mdd_pct": 15.0
  },
  "development_years": 4,
  "development_start_date": 20200102,
  "development_end_date": 20231231,
  "holdout_start_date": 20240101,
  "holdout_end_date": 20260416,
  "best_result": {
    "SysHistDBars": 600.0,
    "SysHistMBars": 20000.0,
    "DonLen": 274.0,
    "ATRLen": 8.0,
    "EMAWarmBars": 2.0,
    "EntryBufferPts": 111.0,
    "DonBufferPts": 17.0,
    "MinATRD": 196.0,
    "ATRStopK": 0.51,
    "ATRTakeProfitK": 1.21,
    "MaxEntriesPerDay": 2.0,
    "TimeStopBars": 73.0,
    "MinRunPctAnchor": 0.74,
    "TrailStartPctAnchor": 0.56,
    "TrailGivePctAnchor": 0.78,
    "UseAnchorExit": 0.0,
    "AnchorBackPct": 0.01,
    "n_trades": 103.0,
    "total_return": 68.85719999999999,
    "mdd_amount": 35314.0,
    "mdd_pct": 3.5313999999999997,
    "year_return_2020": 0.0,
    "year_return_2021": 36.0771,
    "year_return_2022": 27.8779,
    "year_return_2023": 4.902200000000001,
    "year_avg_return": 17.2143,
    "year_return_std": 15.144615542330548,
    "loss_years": 0.0,
    "composite_score": 12.896853445766943,
    "window_count": 4.0,
    "window_avg_return": 17.2143,
    "window_median_return": 16.390050000000002,
    "window_return_std": 15.144615542330548,
    "window_loss_count": 0.0,
    "worst_window_return": 0.0,
    "worst_window_mdd_pct": 3.5313999999999997,
    "window_consistency_score": 8.275975168650419,
    "slip_return_avg": 64.7372,
    "slip_return_min": 60.617200000000004,
    "slip_decay_2_to_4": 8.239999999999988,
    "slip_stress_score": 62.10040000000001,
    "robust_score_pre_plateau": 18.891121945766947,
    "plateau_score": 2.25,
    "robust_score": 21.141122,
    "slip2_total_return": 68.85719999999999,
    "slip3_total_return": 64.7372,
    "slip4_total_return": 60.617200000000004
  },
  "best_params": {
    "DonLen": 274,
    "ATRLen": 8,
    "EMAWarmBars": 2,
    "EntryBufferPts": 111,
    "DonBufferPts": 17,
    "MinATRD": 196,
    "ATRStopK": 0.51,
    "ATRTakeProfitK": 1.21,
    "MaxEntriesPerDay": 2,
    "TimeStopBars": 73,
    "MinRunPctAnchor": 0.74,
    "TrailStartPctAnchor": 0.56,
    "TrailGivePctAnchor": 0.78,
    "UseAnchorExit": 0,
    "AnchorBackPct": 0.01,
    "SysHistDBars": 600,
    "SysHistMBars": 20000
  },
  "best_xs_path": "C:\\Users\\User\\Documents\\mqquant\\01-01\\bundle\\run_history\\mq01_exports\\20260422_232601_Uploaded_Strategy_e56987ba\\best_indicator.xs",
  "best_indicator_xs_path": "C:\\Users\\User\\Documents\\mqquant\\01-01\\bundle\\run_history\\mq01_exports\\20260422_232601_Uploaded_Strategy_e56987ba\\best_indicator.xs",
  "best_trade_xs_path": "C:\\Users\\User\\Documents\\mqquant\\01-01\\bundle\\run_history\\mq01_exports\\20260422_232601_Uploaded_Strategy_e56987ba\\best_trade.xs",
  "best_txt_path": "C:\\Users\\User\\Documents\\mqquant\\01-01\\bundle\\run_history\\mq01_exports\\20260422_232601_Uploaded_Strategy_e56987ba\\best_strategy.txt",
  "best_strategy_xs_path": "C:\\Users\\User\\Documents\\mqquant\\01-01\\bundle\\strategy\\1150422232669.xs",
  "best_param_preset_path": "C:\\Users\\User\\Documents\\mqquant\\01-01\\bundle\\param_presets\\1150422232669.txt",
  "trade_line_count": 626,
  "artifact_error": null,
  "summary_digest": {
    "development_period": "20200102 ~ 20231231",
    "holdout_period": "20240101 ~ 20260416",
    "tested_count": 11208,
    "total_count": 11208,
    "best_score": 12.896853445766943,
    "best_return": 68.85719999999999,
    "best_mdd": 3.5313999999999997,
    "best_trades": 103.0,
    "best_params_preview": "DonLen=274 / ATRLen=8 / EMAWarmBars=2 / EntryBufferPts=111 / DonBufferPts=17 / MinATRD=196"
  }
}