{
  "run_id": "latest",
  "summary": {
    "total_strategies": 1,
    "valid_strategies": 1
  },
  "top_10": [
    {
      "rank": 1,
      "strategy_name": "auto_demo",
      "score": 102.63349727308122,
      "total_test_net_profit": 2427.0,
      "pass_rate": 0.3333333333333333,
      "max_test_mdd": 2147.0,
      "average_test_pf": 1.016559908462067
    }
  ],
  "all_results": [
    {
      "rank": 1,
      "strategy_name": "auto_demo",
      "score": 102.63349727308122,
      "total_test_net_profit": 2427.0,
      "pass_rate": 0.3333333333333333,
      "max_test_mdd": 2147.0,
      "average_test_pf": 1.016559908462067
    }
  ],
  "generated_at": "2026-05-06T13:07:09.852705+00:00"
}